bigflood,bigfloodDPDK,bigfloodeBPF,flood,floodDPDK,floodeBPF,ping,pingDPDK,pingeBPF
3.63,1.26,0.837,1.07,0.491,0.256,0.924,0.482,0.278
0.527,1.03,0.601,0.122,0.315,0.079,0.121,0.387,0.156
0.447,1.04,0.514,0.044,0.286,0.117,0.121,0.371,0.194
0.386,1.02,0.551,0.040,0.273,0.051,0.119,0.382,0.157
0.367,1.04,0.595,0.040,0.277,0.051,0.122,0.385,0.164
0.432,1.03,0.605,0.040,0.281,0.052,0.121,0.377,0.157
0.425,1.03,0.620,0.040,0.238,0.050,0.121,0.376,0.197
0.435,1.03,0.546,0.039,0.289,0.052,0.121,0.389,0.203
0.454,0.960,0.617,0.039,0.275,0.052,0.122,0.384,0.180
0.433,0.887,0.593,0.039,0.261,0.111,0.123,0.380,0.194
0.431,0.939,0.590,0.039,0.264,0.056,0.122,0.380,0.166
0.452,0.913,0.576,0.039,0.279,0.056,0.120,0.383,0.445
0.447,1.09,0.624,0.039,0.280,0.055,0.120,0.379,0.187
0.468,1.01,0.623,0.039,0.275,0.123,0.124,0.380,0.151
0.461,1.04,0.660,0.039,0.283,0.050,0.122,0.384,0.211
0.508,1.04,0.610,0.039,0.271,0.055,0.121,0.382,0.200
0.465,0.992,0.613,0.039,0.279,0.061,0.121,0.387,0.153
0.476,1.01,0.597,0.039,0.225,0.056,0.123,0.393,0.185
0.476,0.997,0.650,0.039,0.261,0.056,0.089,0.388,0.158
0.403,1.00,0.614,0.039,0.270,0.055,0.121,1.52,0.194
0.407,1.01,0.556,0.039,0.293,0.070,0.121,0.385,0.206
0.430,1.00,0.607,0.040,0.269,0.058,0.122,0.383,0.185
0.505,1.03,0.624,0.039,0.289,0.056,0.122,0.386,0.204
0.464,1.13,0.970,0.039,0.280,0.063,0.121,0.383,0.167
0.420,1.13,0.561,0.039,0.268,0.055,0.123,0.382,0.151
0.419,0.881,0.558,0.039,0.264,0.058,0.121,0.388,0.164
0.400,0.994,0.601,0.039,0.266,0.055,0.121,0.391,0.192
0.487,1.01,0.589,0.039,0.257,0.058,0.089,0.383,0.212
0.488,1.01,0.627,0.039,0.276,0.057,0.122,0.383,0.203
0.484,1.11,0.595,0.044,0.229,0.056,0.122,0.389,0.189
0.417,1.13,0.529,0.039,0.228,0.058,0.122,0.385,0.162
0.381,1.00,0.620,0.043,0.252,0.063,0.121,0.390,0.170
0.417,0.991,0.882,0.042,0.265,0.057,0.121,0.384,0.162
0.477,1.12,0.567,0.040,0.265,0.056,0.121,0.383,0.152
0.457,1.03,0.706,0.042,0.289,0.057,0.121,0.385,0.166
0.488,1.11,0.577,0.040,0.274,0.056,0.121,0.389,0.191
0.422,1.01,0.583,0.039,0.267,0.057,0.093,0.386,0.202
0.391,1.02,0.561,0.039,0.267,0.059,0.122,1.51,0.176
0.401,1.12,0.533,0.040,0.279,0.056,0.121,0.381,0.171
0.426,1.11,0.566,0.040,0.268,0.061,0.120,0.379,0.147
0.477,1.21,0.579,0.040,0.267,0.057,0.122,0.389,0.192
0.396,1.11,0.720,0.041,0.278,0.058,0.122,0.384,0.177
0.419,1.02,0.574,0.041,0.358,0.058,0.121,0.383,0.182
0.415,1.00,0.583,0.040,0.274,0.056,0.122,0.385,0.175
0.468,1.12,0.601,0.040,0.283,0.056,0.120,0.387,0.203
0.419,1.01,1.18,0.040,0.282,0.058,0.088,0.384,0.196
0.476,1.01,0.539,0.041,0.282,0.056,0.116,0.382,0.169
0.419,1.12,0.580,0.040,0.293,0.063,0.120,0.386,0.180
0.514,0.893,0.594,0.039,0.282,0.057,0.120,0.383,0.205
0.413,0.997,0.582,0.038,0.261,0.057,0.121,0.385,0.206
0.474,1.12,0.616,0.039,0.267,0.057,0.121,0.381,0.165
0.517,1.01,0.625,0.039,0.267,0.057,0.122,0.386,0.200
0.402,0.885,0.641,0.039,0.269,0.059,0.123,0.387,0.177
0.405,1.12,0.551,0.040,0.268,0.056,0.121,0.390,0.152
0.512,2.14,0.591,0.039,0.269,0.059,0.089,0.385,0.208
0.417,1.11,0.535,0.039,0.263,0.062,0.123,1.51,0.166
0.477,0.996,0.610,0.039,0.282,0.057,0.123,0.383,0.210
0.471,0.931,0.516,0.039,0.276,0.056,0.120,0.381,0.125
0.395,1.00,0.950,0.039,0.295,0.059,0.122,0.386,0.158
0.395,1.01,0.540,0.040,0.364,0.057,0.122,0.387,0.188
0.522,1.01,0.564,0.039,0.281,0.056,0.121,0.383,0.162
0.389,1.11,0.606,0.039,0.277,0.057,0.122,0.384,0.185
0.468,0.888,0.561,0.041,0.276,0.062,0.121,0.388,0.165
0.425,1.05,0.579,0.039,0.282,0.057,0.089,0.387,0.184
0.482,1.12,0.623,0.039,0.264,0.060,0.121,0.387,0.172
0.419,1.00,0.534,0.039,0.269,0.056,0.112,0.384,0.158
0.508,0.898,0.576,0.041,0.263,0.102,0.122,0.386,0.174
0.404,1.13,0.586,0.039,0.283,0.052,0.122,0.383,0.158
0.464,1.01,0.534,0.039,0.277,0.055,0.121,0.383,0.180
0.487,1.01,0.520,0.039,0.280,0.061,0.135,0.381,0.165
0.523,1.13,0.572,0.039,0.288,0.062,0.121,0.385,0.176
0.405,0.998,0.561,0.039,0.306,0.057,0.123,0.388,0.204
0.401,1.04,0.665,0.040,0.276,0.055,0.089,0.388,0.177
0.416,0.987,0.543,0.039,0.274,0.405,0.121,1.50,0.147
0.476,0.895,0.540,0.039,0.279,0.096,0.121,0.382,0.176
0.531,0.893,0.525,0.040,0.275,0.050,0.121,0.385,0.198
0.423,1.05,0.581,0.040,0.268,0.050,0.122,0.386,0.178
0.409,0.925,0.587,0.039,0.224,0.050,0.123,0.380,0.181
0.410,1.07,0.516,0.039,0.258,0.049,0.121,0.391,0.164
0.400,1.03,0.536,0.039,0.276,0.050,0.123,0.383,0.162
0.476,0.889,0.530,0.039,0.281,0.048,0.121,0.384,0.162
0.526,1.04,0.986,0.040,0.275,0.052,0.126,0.388,0.175
0.405,1.04,0.594,0.039,0.281,0.050,0.122,0.385,0.198
0.398,0.903,0.610,0.039,0.276,0.050,0.121,0.384,0.166
0.412,1.05,0.625,0.039,0.286,0.049,0.120,0.383,0.199
0.487,1.03,0.553,0.039,0.267,0.052,0.120,0.382,0.136
0.474,0.901,0.559,0.039,0.261,0.051,0.122,0.381,0.167
0.432,1.04,0.512,0.039,0.264,0.052,0.121,0.383,0.188
0.407,1.10,0.635,0.040,0.277,0.050,0.122,0.382,0.178
0.387,0.884,0.561,0.039,0.262,0.050,0.121,0.387,0.191
0.406,1.12,0.823,0.039,0.275,0.051,0.117,0.383,0.209
0.405,1.11,0.511,0.040,0.280,0.050,0.123,1.51,0.197
0.409,1.01,0.537,0.039,0.275,0.049,0.122,0.379,0.207
0.504,1.01,0.529,0.039,0.336,0.053,0.142,0.381,0.183
0.464,1.13,0.525,0.039,0.284,0.050,0.122,0.381,0.167
0.414,0.881,0.512,0.039,0.260,0.050,0.123,0.379,0.173
0.401,1.03,0.590,0.039,0.268,0.048,0.122,0.383,0.172
0.400,0.996,0.577,0.039,0.265,0.051,0.121,0.380,0.198
0.507,1.01,0.559,0.040,0.265,0.051,0.120,0.378,0.186
0.424,1.12,0.628,0.039,0.269,0.051,0.092,0.388,0.162
0.473,1.12,0.582,0.039,0.268,0.047,0.121,0.379,0.177
0.475,0.878,0.515,0.041,0.230,0.051,0.113,0.385,0.163
0.410,1.02,0.534,0.038,0.273,0.049,0.120,0.385,0.199
0.402,1.12,0.549,0.039,0.280,0.051,0.121,0.378,0.174
0.475,1.01,0.595,0.039,0.279,0.049,0.121,0.384,0.166
0.480,1.01,0.514,0.038,0.291,0.050,0.121,0.384,0.184
0.479,1.13,0.528,0.040,0.282,0.050,0.120,0.380,0.165
0.381,1.00,0.615,0.039,0.280,0.050,0.121,0.382,0.180
0.516,1.02,0.646,0.038,0.275,0.050,0.088,0.386,0.191
0.403,1.00,0.636,0.039,0.277,0.053,0.120,1.49,0.154
0.472,1.01,0.517,0.039,0.261,0.048,0.120,0.378,0.177
0.460,1.02,0.518,0.039,0.270,0.052,0.124,0.373,0.170
0.478,1.02,0.526,0.038,0.235,0.050,0.122,0.385,0.162
0.524,1.00,0.827,0.039,0.260,0.051,0.120,0.380,0.206
0.411,1.02,0.554,0.039,0.276,0.050,0.121,0.379,0.167
0.412,1.11,0.532,0.039,0.283,0.050,0.121,0.378,0.185
0.402,0.889,0.562,0.039,0.280,0.049,0.121,0.384,0.172
0.466,1.01,0.558,0.039,0.284,0.050,0.089,0.381,0.165
0.476,1.12,0.975,0.038,0.279,0.100,0.121,0.380,0.194
0.420,1.00,0.562,0.038,0.262,0.049,0.121,0.381,0.201
0.430,1.02,0.594,0.039,0.267,0.049,0.136,0.389,0.176
0.478,1.11,0.565,0.039,0.270,0.050,0.122,0.387,0.186
0.425,0.887,0.555,0.040,0.275,0.050,0.120,0.378,0.164
0.497,1.01,0.512,0.039,0.279,0.050,0.121,0.385,0.165
0.416,1.14,0.569,0.039,0.267,0.050,0.122,0.381,0.182
0.421,1.00,0.587,0.039,0.281,0.050,0.120,0.383,0.148
0.400,1.02,0.541,0.039,0.288,0.073,0.121,0.380,0.168
0.490,1.11,0.536,0.040,0.275,0.053,0.123,1.53,0.175
0.474,1.00,0.577,0.040,0.287,0.052,0.121,0.375,0.159
0.474,1.15,0.515,0.039,0.282,0.053,0.120,0.382,0.176
0.419,1.00,0.569,0.039,0.284,0.067,0.122,0.382,0.165
0.412,1.00,0.597,0.040,0.280,0.101,0.121,0.381,0.190
0.403,1.15,0.535,0.039,0.275,0.048,0.121,0.380,0.127
0.483,0.993,0.514,0.039,0.265,0.051,0.122,0.378,0.178
0.484,1.01,0.630,0.040,0.264,0.050,0.122,0.381,0.166
0.488,1.13,0.586,0.039,0.264,0.049,0.117,0.381,0.156
0.426,1.12,0.593,0.038,0.276,0.051,0.121,0.378,0.153
0.402,1.01,0.563,0.040,0.280,0.049,0.121,0.379,0.177
0.399,1.16,0.576,0.039,0.276,0.050,0.120,0.380,0.177
0.415,1.12,0.594,0.039,0.386,0.050,0.120,0.380,0.175
0.491,1.03,0.608,0.039,0.281,0.050,0.121,0.382,0.177
0.412,1.13,0.536,0.039,0.289,0.051,0.122,0.381,0.159
0.342,1.13,0.532,0.039,0.276,0.050,0.123,0.385,0.169
0.357,1.18,0.510,0.039,0.281,0.050,0.120,0.381,0.179
0.464,1.13,0.526,0.039,0.275,0.049,0.120,0.382,0.163
0.433,1.12,0.535,0.039,0.263,0.051,0.122,1.49,0.165
0.375,1.01,0.523,0.039,0.262,0.049,0.122,0.375,0.157
0.452,1.13,0.517,0.039,0.279,0.050,0.122,0.380,0.178
0.517,1.01,0.622,0.039,0.279,0.050,0.121,0.381,0.178
0.380,1.00,0.614,0.038,0.280,0.051,0.130,0.379,0.207
0.512,1.13,0.583,0.039,0.287,0.049,0.132,0.379,0.174
0.461,0.996,0.526,0.039,0.277,0.050,0.120,0.382,0.198
0.476,1.01,0.558,0.039,0.276,0.051,0.121,0.385,0.180
0.401,1.12,0.618,0.039,0.275,0.049,0.121,0.385,0.157
0.422,0.887,0.634,0.039,0.281,0.049,0.120,0.381,0.262
0.523,1.01,0.525,0.039,0.275,0.057,0.121,0.381,0.180
0.409,1.13,0.518,0.040,0.270,0.051,0.121,0.386,0.203
0.437,0.995,0.531,0.039,0.262,0.102,0.119,0.380,0.172
0.473,1.01,0.558,0.039,0.293,0.048,0.119,0.381,0.171
0.476,1.13,0.648,0.039,0.276,0.050,0.120,0.380,0.153
0.564,0.887,0.568,0.039,0.274,0.049,0.120,0.396,0.191
0.414,1.01,0.513,0.039,0.382,0.058,0.089,0.382,0.202
0.487,1.13,0.509,0.040,0.282,0.050,0.120,0.385,0.167
0.470,0.999,0.584,0.039,0.280,0.050,0.121,1.50,0.204
0.477,1.01,0.567,0.039,0.279,0.093,0.121,0.375,0.169
0.427,1.12,0.518,0.039,0.268,0.048,0.121,0.376,0.202
0.479,0.887,0.520,0.039,0.266,0.050,0.120,0.378,0.165
0.394,1.01,0.560,0.039,0.278,0.050,0.123,0.385,0.179
0.404,1.13,0.827,0.039,0.266,0.056,0.121,0.385,0.166
0.480,0.878,0.528,0.039,0.277,0.050,0.121,0.378,0.167
0.484,1.12,0.527,0.103,0.277,0.050,0.089,0.380,0.199
0.396,1.01,0.544,0.043,0.276,0.049,0.141,0.380,0.160
0.413,1.01,0.577,0.039,0.285,0.053,0.120,0.379,0.170
0.504,1.10,0.568,0.040,0.283,0.069,0.120,0.384,0.171
0.423,1.02,0.524,0.053,0.280,0.046,0.120,0.380,0.170
0.483,0.883,0.524,0.041,0.278,0.056,0.122,0.382,0.192
0.488,1.02,0.536,0.043,0.275,0.049,0.120,0.379,0.183
0.537,1.12,0.989,0.040,0.261,0.053,0.132,0.386,0.152
0.408,1.01,0.549,0.040,0.267,0.049,0.121,0.377,0.175
0.499,1.10,0.609,0.040,0.262,0.049,0.089,0.394,0.188
0.499,1.02,0.606,0.040,0.280,0.055,0.120,0.384,0.176
0.505,1.00,0.607,0.039,0.275,0.055,0.121,1.50,0.172
0.414,1.01,0.567,0.040,0.281,0.057,0.121,0.379,0.134
0.422,1.12,0.518,0.041,0.283,0.064,0.119,0.377,0.188
0.397,1.01,0.583,0.040,0.284,0.055,0.121,0.376,0.176
0.420,0.911,0.523,0.041,0.276,0.084,0.120,0.380,0.182
0.466,1.12,0.821,0.040,0.262,0.048,0.122,0.381,0.155
0.478,0.877,0.518,0.040,0.262,0.056,0.120,0.385,0.208
0.412,1.01,0.534,0.041,0.273,0.100,0.102,0.385,0.177
0.528,2.34,0.534,0.040,0.274,0.115,0.121,0.380,0.162
0.502,1.07,0.518,0.040,0.283,0.105,0.125,0.378,0.207
0.428,1.12,0.575,0.041,0.262,0.106,0.120,0.383,0.160
0.470,0.893,0.577,0.040,0.275,0.095,0.121,0.380,0.177
0.421,1.04,0.520,0.040,0.275,0.056,0.121,0.388,0.169
0.413,1.02,0.550,0.040,0.282,0.050,0.121,0.379,0.203
0.434,1.01,0.609,0.040,0.313,0.051,0.122,0.380,0.167
0.464,1.13,0.562,0.042,0.267,0.104,0.121,0.377,0.186
0.430,1.11,0.559,0.039,0.275,0.094,0.089,0.383,0.178
0.474,1.01,0.564,0.040,0.277,0.049,0.121,0.386,0.192
0.390,1.01,0.625,0.040,0.275,0.056,0.122,1.49,0.162
0.540,0.994,0.603,0.040,0.277,0.051,0.121,0.376,0.178
0.411,1.01,0.549,0.039,0.279,0.049,0.121,0.379,0.201
0.475,1.03,0.579,0.040,0.265,0.052,0.122,0.395,0.196
0.489,1.11,0.531,0.041,0.277,0.061,0.122,0.379,0.166
0.493,1.01,0.585,0.040,0.274,0.080,0.121,0.380,0.198
0.439,1.01,0.546,0.041,0.275,0.050,0.121,0.374,0.170
0.404,1.12,0.523,0.040,0.295,0.056,0.088,0.382,0.182
0.407,0.888,0.518,0.041,0.276,0.052,0.120,0.385,0.150
0.524,1.04,0.571,0.040,0.275,0.050,0.121,0.379,0.175
0.457,1.11,0.601,0.040,0.276,0.051,0.121,0.378,0.145
0.507,1.01,0.946,0.041,0.279,0.050,0.123,0.379,0.207
0.419,1.01,0.609,0.040,0.274,0.048,0.120,0.378,0.196
0.410,1.02,0.639,0.041,0.266,0.051,0.121,0.378,0.157
0.519,1.01,0.530,0.041,0.260,0.051,0.120,0.386,0.167
0.413,1.01,0.565,0.041,0.282,0.056,0.120,0.380,0.163
0.488,1.11,0.579,0.041,0.280,0.091,0.089,0.387,0.161
0.488,1.01,0.569,0.040,0.275,0.049,0.121,0.382,0.155
0.413,0.939,0.552,0.040,0.352,0.050,0.122,1.49,0.194
0.432,1.06,0.688,0.040,0.275,0.049,0.121,0.377,0.195
0.530,0.954,0.549,0.041,0.279,0.053,0.119,0.378,0.193
0.511,1.06,0.563,0.041,0.260,0.049,0.121,0.374,0.175
0.484,0.987,0.570,0.040,0.273,0.057,0.121,0.379,0.152
0.416,0.985,0.550,0.041,0.267,0.106,0.129,0.381,0.180
0.489,1.10,0.562,0.041,0.273,0.047,0.121,0.380,0.190
0.483,1.11,1.39,0.041,0.224,0.053,0.083,0.383,0.150
0.462,0.889,0.550,0.040,0.267,0.092,0.139,0.379,0.153
0.477,1.02,0.587,0.041,0.279,0.056,0.120,0.381,0.161
0.408,1.11,0.559,0.041,0.282,0.058,0.122,0.380,0.176
0.406,1.01,0.633,0.040,0.274,0.111,0.120,0.381,0.192
0.412,1.01,0.612,0.040,0.280,0.054,0.120,0.379,0.156
0.476,1.15,0.812,0.040,0.278,0.052,0.121,0.380,0.164
0.415,1.01,0.556,0.040,0.276,0.052,0.121,0.387,0.191
0.485,1.02,0.580,0.041,0.279,0.066,0.122,0.377,0.193
0.400,0.986,0.518,0.040,0.275,0.056,0.088,0.384,0.201
0.414,1.02,0.518,0.041,0.260,0.049,0.119,0.378,0.164
0.532,1.00,0.539,0.040,0.266,0.052,0.120,1.48,0.182
0.460,1.12,0.536,0.040,0.263,0.049,0.120,0.373,0.153
0.426,1.01,0.603,0.041,0.274,0.050,0.121,0.395,0.179
0.461,1.01,0.616,0.040,0.274,0.048,0.121,0.388,0.163
0.414,1.11,0.603,0.040,0.276,0.053,0.120,0.378,0.203
0.426,0.893,0.590,0.050,0.390,0.050,0.120,0.378,0.186
0.522,1.01,0.564,0.041,0.282,0.056,0.122,0.378,0.193
0.481,1.11,0.572,0.040,0.275,0.051,0.088,0.379,0.161
0.475,1.01,0.544,0.041,0.278,0.049,0.119,0.382,0.155
0.418,1.01,0.563,0.040,0.285,0.050,0.088,0.380,0.174
0.416,1.11,0.519,0.041,0.259,0.051,0.120,0.382,0.190
0.414,1.01,0.512,0.040,0.224,0.048,0.122,0.380,0.179
1.03,1.00,0.518,0.041,0.239,0.092,0.121,0.380,0.192
0.439,0.997,0.515,0.040,0.278,0.057,0.123,0.379,0.183
0.498,1.01,0.571,0.040,0.279,0.050,0.088,0.376,0.192
0.552,1.01,0.600,0.041,0.262,0.050,0.121,0.381,0.166
0.540,1.11,0.627,0.040,0.275,0.050,0.088,0.387,0.164
0.422,1.01,0.609,0.041,0.283,0.050,0.121,0.381,0.200
0.542,1.01,0.511,0.041,0.281,0.060,0.121,1.47,0.160
0.492,1.00,0.693,0.040,0.262,0.084,0.120,0.381,0.162
0.550,1.01,0.521,0.041,0.265,0.057,0.121,0.375,0.207
0.416,1.10,0.547,0.040,0.272,0.049,0.121,0.381,0.184
0.409,0.991,0.570,0.041,0.261,0.050,0.121,0.379,0.177
0.443,1.02,0.582,0.040,0.264,0.049,0.122,0.385,0.163
0.472,1.01,0.747,0.041,0.260,0.052,0.122,0.377,0.156
0.522,1.12,0.545,0.040,0.267,0.049,0.121,0.380,0.158
0.541,0.887,0.523,0.044,0.263,0.109,0.120,0.381,0.190
0.534,1.02,0.512,0.042,0.264,0.056,0.121,0.379,0.175
0.546,1.11,0.816,0.041,0.267,0.086,0.122,0.378,0.152
0.477,0.892,0.579,0.040,0.336,0.050,0.121,0.379,0.164
0.501,0.946,0.589,0.041,0.265,0.048,0.121,0.393,0.148
0.541,1.06,0.543,0.040,0.277,0.050,0.123,0.384,0.203
0.543,0.902,0.537,0.040,0.265,0.049,0.120,0.379,0.185
0.534,1.08,0.569,0.041,0.267,0.058,0.121,0.387,0.162
0.489,1.08,0.517,0.040,0.267,0.052,0.087,0.377,0.164
0.549,0.890,0.516,0.041,0.273,0.051,0.120,0.385,0.189
0.541,1.15,0.518,0.040,0.269,0.049,0.122,1.47,0.180
0.515,1.12,0.650,0.041,0.275,0.049,0.121,0.391,0.171
0.543,1.01,0.545,0.041,0.262,0.049,0.121,0.391,0.198
0.497,1.01,0.527,0.040,0.264,0.046,0.120,0.382,0.194
0.436,1.11,0.533,0.041,0.263,0.049,0.120,0.387,0.177
0.428,1.02,0.519,0.040,0.264,0.057,0.119,0.380,0.172
0.411,1.06,0.579,0.040,0.274,0.050,0.119,0.378,0.162
0.545,1.13,0.519,0.040,0.267,0.049,0.088,0.389,0.174
0.475,0.999,0.511,0.040,0.280,0.048,0.121,0.390,0.197
0.513,1.02,0.607,0.040,0.268,0.080,0.122,0.378,0.150
0.543,1.05,0.597,0.041,0.266,0.504,0.121,0.382,0.170
0.531,0.917,0.561,0.040,0.267,0.098,0.121,0.380,0.173
0.431,1.06,0.514,0.041,0.267,0.106,0.121,0.380,0.191
0.477,0.989,0.592,0.041,0.273,0.105,0.121,0.379,0.188
0.500,0.869,0.559,0.041,0.267,0.105,0.092,0.382,0.170
0.533,0.903,0.814,0.040,0.264,0.105,0.121,0.385,0.191
0.538,0.976,0.511,0.040,0.266,0.107,0.121,0.382,0.200
0.552,0.985,0.568,0.041,0.273,0.103,0.121,0.382,0.178
0.489,0.911,0.519,0.041,0.277,0.106,0.121,1.46,0.156
0.503,1.05,0.580,0.041,0.269,0.106,0.122,0.380,0.155
0.540,1.04,0.587,0.041,0.268,0.106,0.121,0.374,0.151
0.531,0.881,0.588,0.040,0.264,0.105,0.130,0.372,0.175
0.536,1.12,0.532,0.041,0.263,0.105,0.121,0.380,0.175
0.497,1.04,0.516,0.041,0.273,0.105,0.120,0.378,0.173
0.558,0.945,1.15,0.040,0.265,0.106,0.121,0.378,0.152
0.538,0.951,0.544,0.041,0.264,0.106,0.120,0.384,0.159
0.491,1.11,0.536,0.040,0.278,0.105,0.120,0.390,0.183
0.444,0.953,0.570,0.041,0.266,0.116,0.121,0.382,0.191
0.480,0.953,0.639,0.041,0.282,0.099,0.121,0.380,0.175
0.423,0.998,0.581,0.040,0.280,0.048,0.120,0.381,0.201
0.415,0.984,0.536,0.041,0.280,0.050,0.122,0.387,0.152
0.413,0.938,0.565,0.040,0.275,0.078,0.120,0.387,0.203
0.480,0.947,0.511,0.041,0.284,0.051,0.122,0.381,0.199
0.471,1.06,0.592,0.040,0.278,0.048,0.120,0.390,0.208
0.494,0.965,0.517,0.043,0.261,0.051,0.121,0.383,0.158
0.415,1.18,0.521,0.043,0.264,0.049,0.121,0.382,0.181
0.404,1.04,0.612,0.040,0.266,0.049,0.124,1.46,0.179
0.413,0.883,0.795,0.040,0.273,0.053,0.119,0.374,0.178
0.540,1.03,0.604,0.040,0.274,0.102,0.121,0.378,0.176
0.482,0.995,0.535,0.041,0.263,0.045,0.120,0.381,0.163
0.491,0.932,0.536,0.041,0.275,0.050,0.121,0.381,0.189
0.537,0.936,0.577,0.041,0.281,0.050,0.121,0.380,0.201
0.532,1.04,0.581,0.041,0.284,0.050,0.088,0.381,0.160
0.535,0.937,0.535,0.040,0.286,0.049,0.120,0.382,0.185
0.495,0.929,0.529,0.041,0.281,0.050,0.120,0.379,0.153
0.503,0.939,0.596,0.040,0.281,0.049,0.121,0.394,0.156
0.533,1.04,0.575,0.041,0.279,0.076,0.120,0.388,0.207
0.534,0.978,0.577,0.041,0.277,0.052,0.121,0.389,0.182
0.426,1.08,0.602,0.041,0.262,0.053,0.120,0.380,0.159
0.498,1.05,0.652,0.040,0.269,0.053,0.121,0.380,0.189
0.487,0.951,0.665,0.040,0.259,0.066,0.088,0.393,0.148
0.429,1.17,0.742,0.041,0.280,0.046,0.089,0.385,0.180
0.545,1.02,0.714,0.040,0.273,0.049,0.120,0.379,0.200
0.430,0.877,0.520,0.041,0.274,0.050,0.122,0.385,0.159
0.487,0.950,0.531,0.040,0.277,0.050,0.121,1.45,0.166
0.496,1.03,0.599,0.041,0.278,0.102,0.121,0.379,0.159
0.543,0.923,0.549,0.040,0.280,0.049,0.125,0.383,0.156
0.417,0.933,0.597,0.041,0.261,0.049,0.123,0.390,0.151
0.552,0.932,0.597,0.041,0.260,0.050,0.120,0.381,0.189
0.495,0.976,0.597,0.040,0.270,0.049,0.122,0.381,0.159
0.491,0.916,0.559,0.041,0.276,0.050,0.088,0.383,0.201
0.535,0.871,0.578,0.040,0.279,0.059,0.120,0.380,0.177
0.540,1.07,0.609,0.041,0.267,0.100,0.121,0.381,0.181
0.556,0.929,0.536,0.040,0.276,0.055,0.121,0.385,0.176
0.496,0.936,0.600,0.041,0.274,0.084,0.120,0.382,0.178
0.497,0.988,0.575,0.040,0.279,0.048,0.121,0.383,0.180
0.554,1.04,0.606,0.040,0.288,0.050,0.121,0.380,0.169
0.536,0.918,0.603,0.041,0.274,0.049,0.121,0.380,0.191
0.453,1.04,0.522,0.040,0.274,0.050,0.120,0.382,0.175
0.498,1.02,0.962,0.041,0.274,0.049,0.088,0.382,0.186
0.493,0.912,0.571,0.040,0.274,0.050,0.121,0.382,0.191
0.540,0.929,0.595,0.040,0.266,0.048,0.121,0.386,0.207
0.543,1.64,0.598,0.041,0.265,0.049,0.122,1.44,0.152
0.555,0.918,0.644,0.040,0.269,0.050,0.122,0.379,0.183
0.510,0.920,0.609,0.041,0.278,0.050,0.120,0.380,0.164
0.484,1.02,0.609,0.040,0.282,0.093,0.121,0.381,0.164
0.555,0.920,0.657,0.041,0.279,0.048,0.120,0.379,0.193
1.45,1.08,0.643,0.041,0.426,0.050,0.121,0.388,0.147
0.485,0.968,0.534,0.040,0.277,0.049,0.089,0.380,0.164
0.516,0.869,0.525,0.041,0.279,0.048,0.122,0.393,0.159
0.506,1.06,0.514,0.040,0.277,0.050,0.122,0.380,0.207
0.499,1.04,0.525,0.041,0.284,0.080,0.121,0.381,0.201
0.432,0.913,0.699,0.040,0.259,0.050,0.121,0.383,0.198
0.486,0.919,0.518,0.041,0.268,0.050,0.121,0.385,0.191
0.487,1.04,0.521,0.040,0.266,0.048,0.121,0.388,0.181
0.406,0.967,0.533,0.040,0.274,0.049,0.120,0.380,0.162
0.420,0.865,0.522,0.041,0.282,0.050,0.120,0.390,0.157
0.498,1.02,0.592,0.040,0.276,0.049,0.088,0.382,0.154
0.483,0.962,0.574,0.041,0.286,0.050,0.120,0.381,0.156
0.486,0.932,0.557,0.041,0.282,0.049,0.120,0.379,0.166
0.486,0.994,0.510,0.040,0.274,0.051,0.120,1.43,0.152
0.403,0.985,0.641,0.041,0.274,0.049,0.120,0.377,0.173
0.521,0.871,0.575,0.041,0.283,0.105,0.121,0.378,0.181
0.417,0.912,0.566,0.040,0.272,0.048,0.121,0.381,0.158
0.511,1.04,0.557,0.040,0.262,0.049,0.127,0.388,0.202
0.490,1.03,0.567,0.040,0.267,0.046,0.125,0.381,0.158
0.439,0.915,0.704,0.040,0.279,0.050,0.089,0.379,0.175
0.418,0.891,0.537,0.041,0.280,0.093,0.121,0.379,0.155
0.404,0.984,0.541,0.041,0.284,0.050,0.121,0.379,0.163
0.488,0.930,0.591,0.040,0.314,0.599,0.121,0.382,0.187
0.484,1.06,0.577,0.041,0.282,0.093,0.122,0.382,0.177
0.435,0.979,0.550,0.042,0.279,0.048,0.123,0.382,0.191
0.406,0.862,0.581,0.040,0.280,0.051,0.089,0.380,0.200
0.408,0.911,0.569,0.041,0.298,0.049,0.122,0.376,0.193
0.548,1.04,0.501,0.040,0.259,0.050,0.123,0.379,0.190
0.467,0.967,0.616,0.040,0.275,0.049,0.090,0.379,0.202
0.491,0.912,0.627,0.040,0.271,0.053,0.122,0.379,0.172
0.543,0.979,0.602,0.041,0.279,0.089,0.123,0.384,0.203
0.552,1.02,0.625,0.040,0.277,0.050,0.123,1.42,0.198
0.554,0.865,0.610,0.040,0.277,0.050,0.123,0.375,0.204
0.472,1.06,0.792,0.041,0.285,0.104,0.122,0.380,0.167
0.494,0.971,0.509,0.040,0.277,0.047,0.122,0.378,0.174
0.535,0.919,0.514,0.041,0.280,0.052,0.123,0.378,0.179
0.529,0.867,0.592,0.040,0.280,0.105,0.122,0.381,0.185
0.565,1.04,0.569,0.040,0.276,0.105,0.091,0.380,0.192
0.504,1.03,0.536,0.041,0.280,0.105,0.122,0.384,0.152
0.540,0.922,0.593,0.040,0.264,0.104,0.121,0.384,0.173
0.530,0.918,0.562,0.041,0.262,0.103,0.123,0.381,0.191
0.547,1.02,0.602,0.041,0.280,0.050,0.121,0.389,0.202
0.560,0.933,0.598,0.041,0.276,0.048,0.122,0.380,0.192
0.490,1.06,0.613,0.041,0.275,0.104,0.122,0.387,0.189
0.551,1.03,0.618,0.041,0.358,0.091,0.123,0.379,0.173
0.549,0.934,0.634,0.040,0.280,0.048,0.121,0.386,0.158
0.490,1.01,0.536,0.040,0.274,0.048,0.122,0.382,0.174
0.493,1.02,0.515,0.040,0.275,0.049,0.122,0.389,0.192
0.488,1.03,0.526,0.040,0.280,0.050,0.121,0.384,0.211
0.409,0.924,0.522,0.041,0.268,0.050,0.123,1.42,0.179
0.404,1.04,0.532,0.040,0.269,0.059,0.121,0.379,0.208
0.534,1.03,0.681,0.041,0.262,0.083,0.122,0.380,0.163
0.447,0.862,0.527,0.040,0.280,0.048,0.123,0.382,0.188
0.472,0.915,0.531,0.040,0.278,0.050,0.123,0.385,0.149
0.482,1.03,0.531,0.041,0.306,0.051,0.122,0.380,0.170
0.545,0.858,0.512,0.040,0.284,0.103,0.121,0.381,0.171
0.537,1.15,0.573,0.041,0.278,0.048,0.123,0.378,0.201
0.551,1.03,0.530,0.040,0.274,0.110,0.122,0.385,0.158
0.485,0.924,0.510,0.040,0.283,0.048,0.123,0.381,0.191
0.511,0.872,0.606,0.041,0.275,0.049,0.123,0.382,0.154
0.533,0.914,0.618,0.040,0.262,0.049,0.122,0.379,0.188
0.535,0.897,0.564,0.041,0.262,0.050,0.121,0.380,0.157
0.452,0.984,0.570,0.040,0.266,0.076,0.121,0.382,0.167
0.470,0.968,0.518,0.041,0.262,0.054,0.123,0.378,0.147
0.495,0.992,0.571,0.041,0.275,0.051,0.089,0.381,0.156
0.547,0.869,0.821,0.040,0.280,0.052,0.123,0.379,0.199
0.437,1.00,0.525,0.041,0.279,0.066,0.121,0.386,0.198
0.553,0.991,0.535,0.040,0.289,0.050,0.123,1.40,0.171
0.479,0.909,0.542,0.040,0.279,0.050,0.121,0.391,0.186
0.550,0.929,0.570,0.041,0.262,0.050,0.122,0.379,0.182
0.534,1.04,0.523,0.039,0.271,0.048,0.121,0.376,0.177
0.536,1.02,0.531,0.041,0.268,0.051,0.122,0.379,0.203
0.554,0.942,0.539,0.040,0.276,0.049,0.122,0.379,0.179
0.501,0.925,0.523,0.041,0.274,0.104,0.122,0.381,0.201
0.533,1.03,1.21,0.040,0.268,0.105,0.123,0.385,0.159
0.534,0.870,0.551,0.040,0.279,0.105,0.122,0.381,0.189
0.412,1.13,0.615,0.041,0.273,0.106,0.122,0.391,0.160
0.421,0.976,0.626,0.041,0.278,0.092,0.121,0.382,0.165
0.477,0.888,0.616,0.040,0.291,0.050,0.122,0.380,0.161
0.496,1.05,0.562,0.040,0.280,0.049,0.123,0.381,0.177
0.451,1.03,0.564,0.040,0.280,0.049,0.124,0.378,0.192
0.441,0.910,0.514,0.041,0.291,0.051,0.123,0.384,0.164
0.565,0.949,0.522,0.040,0.278,0.048,0.121,0.382,0.180
0.414,1.04,0.620,0.040,0.262,0.049,0.121,0.391,0.173
0.422,0.976,0.580,0.040,0.262,0.048,0.121,0.381,0.163
0.538,0.936,0.511,0.041,0.266,0.049,0.123,1.38,0.188
0.541,0.944,0.524,0.041,0.275,0.050,0.122,0.381,0.206
0.535,1.03,0.524,0.040,0.275,0.051,0.121,0.387,0.186
0.476,0.885,0.573,0.041,0.289,0.051,0.122,0.379,0.183
0.537,0.996,0.533,0.045,0.315,0.092,0.125,0.378,0.192
0.541,1.05,0.578,0.042,0.277,0.049,0.117,0.381,0.177
0.532,2.05,0.553,0.040,0.277,0.049,0.084,0.379,0.203
0.551,1.08,0.625,0.041,0.294,0.050,0.120,0.378,0.202
0.479,0.864,0.559,0.040,0.279,0.050,0.121,0.381,0.168
0.548,0.930,0.613,0.041,0.261,0.050,0.122,0.382,0.151
0.536,0.908,0.602,0.041,0.270,0.050,0.121,0.382,0.168
0.538,1.03,0.612,0.040,0.267,0.049,0.123,0.380,0.176
0.474,0.874,0.586,0.041,0.277,0.056,0.121,0.390,0.169
0.482,1.05,0.522,0.041,0.280,0.049,0.123,0.380,0.206
0.538,1.01,0.535,0.041,0.276,0.049,0.121,0.379,0.164
0.546,0.947,0.540,0.040,0.287,0.050,0.120,0.380,0.188
0.544,0.930,0.565,0.040,0.277,0.106,0.121,0.379,0.161
0.545,1.06,0.592,0.040,0.279,0.106,0.122,0.387,0.147
0.484,0.968,0.524,0.040,0.273,0.052,0.122,1.38,0.179
0.542,0.938,0.523,0.041,0.262,0.108,0.121,0.374,0.150
0.542,0.859,0.524,0.041,0.281,0.100,0.122,0.372,0.165
0.406,1.04,0.637,0.041,0.279,0.048,0.122,0.378,0.203
0.421,0.889,0.562,0.040,0.274,0.049,0.122,0.389,0.200
0.483,1.11,0.643,0.041,0.264,0.050,0.123,0.381,0.192
0.537,0.965,0.625,0.040,0.291,0.048,0.122,0.379,0.173
0.410,0.885,0.618,0.040,0.276,0.050,0.122,0.379,0.173
0.533,0.939,0.582,0.040,0.277,0.049,0.121,0.381,0.160
0.563,1.08,0.522,0.041,0.303,0.382,0.122,0.378,0.154
0.478,0.923,0.551,0.041,0.274,0.089,0.121,0.392,0.171
0.494,0.916,0.516,0.041,0.276,0.105,0.121,0.383,0.189
0.548,0.887,0.506,0.040,0.282,0.105,0.121,0.383,0.201
0.534,1.04,0.572,0.043,0.282,0.094,0.122,0.379,0.193
0.440,0.875,0.596,0.041,0.262,0.049,0.088,0.380,0.154
0.472,1.05,0.619,0.040,0.269,0.049,0.121,0.384,0.152
0.486,1.03,0.620,0.041,0.267,0.049,0.121,0.377,0.158
0.534,0.890,0.656,0.040,0.276,0.051,0.122,0.386,0.147
0.542,1.11,0.508,0.041,0.277,0.049,0.120,1.37,0.186
0.562,1.04,0.518,0.040,0.274,0.049,0.121,0.373,0.178
0.483,0.913,0.515,0.040,0.285,0.049,0.122,0.379,0.201
0.489,0.937,0.566,0.041,0.280,0.050,0.121,0.387,0.201
0.438,1.03,0.951,0.040,0.274,0.051,0.121,0.377,0.186
0.533,0.970,0.555,0.041,0.275,0.049,0.084,0.390,0.166
0.543,0.874,0.518,0.040,0.274,0.050,0.121,0.380,0.149
0.494,0.941,0.513,0.041,0.260,0.049,0.121,0.388,0.185
0.555,1.02,0.815,0.040,0.266,0.049,0.121,0.377,0.206
0.539,0.885,0.514,0.040,0.270,0.048,0.121,0.378,0.199
0.401,1.05,0.562,0.041,0.279,0.078,0.122,0.380,0.169
0.559,1.03,0.572,0.040,0.274,0.051,0.121,0.376,0.203
0.489,0.916,0.552,0.040,0.279,0.048,0.120,0.377,0.163
0.425,1.05,0.563,0.040,0.351,0.048,0.120,0.380,0.155
0.544,1.02,0.516,0.041,0.284,0.050,0.091,0.378,0.202
0.548,1.01,0.525,0.040,0.279,0.049,0.121,0.381,0.203
0.546,0.960,0.521,0.040,0.266,0.051,0.122,0.377,0.191
0.483,0.939,0.944,0.040,0.267,0.048,0.122,0.383,0.161
0.549,1.02,0.561,0.040,0.268,0.051,0.122,1.39,0.164
0.410,0.891,0.569,0.040,0.267,0.049,0.120,0.377,0.181
0.407,0.959,0.511,0.041,0.268,0.048,0.120,0.377,0.152
0.438,1.04,0.544,0.040,0.265,0.049,0.122,0.372,0.168
0.488,0.881,0.572,0.041,0.274,0.050,0.122,0.381,0.187
0.491,1.06,0.575,0.040,0.279,0.049,0.088,0.385,0.195
0.544,1.01,0.502,0.039,0.276,0.050,0.121,0.377,0.200
0.546,0.951,0.630,0.041,0.287,0.050,0.121,0.377,0.180
0.550,0.919,0.946,0.040,0.276,0.048,0.121,0.379,0.162
0.472,1.04,0.536,0.040,0.261,0.051,0.121,0.377,0.155
0.504,1.03,0.633,0.041,0.266,0.048,0.122,0.383,0.146
0.550,0.937,0.555,0.041,0.263,0.048,0.121,0.386,0.177
0.530,0.912,0.547,0.041,0.292,0.095,0.123,0.377,0.194
0.430,1.04,0.615,0.040,0.274,0.050,0.120,0.381,0.174
0.480,0.880,0.594,0.041,0.263,0.101,0.088,0.378,0.181
0.487,1.05,0.587,0.041,0.289,0.050,0.120,0.378,0.195
0.536,1.03,0.594,0.042,0.273,0.050,0.124,0.380,0.209
0.429,0.875,0.830,0.040,0.275,0.048,0.122,0.379,0.146
0.580,1.03,0.524,0.041,0.329,0.050,0.121,1.38,0.166
0.476,1.04,0.642,0.040,0.265,0.048,0.120,0.373,0.164
0.490,0.918,0.573,0.040,0.219,0.050,0.120,0.378,0.178
0.547,0.937,0.559,0.040,0.219,0.049,0.120,0.377,0.186
0.530,1.03,0.597,0.040,0.218,0.075,0.121,0.389,0.165
0.553,0.983,0.639,0.041,0.219,0.053,0.116,0.389,0.159
0.495,0.925,0.547,0.040,0.219,0.052,0.121,0.379,0.151
0.511,0.944,0.617,0.040,0.219,0.053,0.122,0.386,0.190
0.539,1.02,0.847,0.041,0.257,0.065,0.125,0.381,0.210
0.539,0.904,0.517,0.040,0.222,0.050,0.121,0.389,0.190
0.553,1.06,0.510,0.041,0.267,0.047,0.122,0.381,0.150
0.487,0.974,0.614,0.040,0.223,0.049,0.121,0.381,0.151
0.543,0.910,0.550,0.040,0.259,0.057,0.120,0.379,0.192
0.541,1.05,0.603,0.040,0.260,0.049,0.121,0.387,0.203
0.514,1.02,0.514,0.040,0.271,0.050,0.119,0.388,0.169
0.497,1.04,0.637,0.041,0.261,0.048,0.122,0.380,0.196
0.473,0.914,0.496,0.041,0.266,0.105,0.122,0.389,0.177
0.423,1.05,0.599,0.041,0.216,0.095,0.122,0.381,0.203
0.404,0.963,0.585,0.039,0.218,0.049,0.122,1.37,0.206
0.404,0.937,0.577,0.041,0.249,0.055,0.121,0.371,0.166
0.494,0.950,0.610,0.040,0.222,0.099,0.121,0.371,0.149
0.492,1.03,0.533,0.039,0.260,0.104,0.121,0.374,0.159
0.484,0.885,0.617,0.040,0.256,0.112,0.121,0.377,0.163
0.408,1.06,0.564,0.040,0.224,0.105,0.116,0.387,0.206
0.411,1.03,0.524,0.041,0.249,0.092,0.120,0.378,0.211
0.412,0.935,0.643,0.040,0.276,0.050,0.121,0.377,0.148
0.418,0.944,0.603,0.040,0.263,0.049,0.120,0.384,0.200
0.475,1.03,0.829,0.041,0.332,0.049,0.122,0.376,0.192
0.496,1.02,0.551,0.040,0.263,0.057,0.121,0.381,0.176
0.537,0.945,0.530,0.041,0.266,0.049,0.122,0.377,0.176
0.546,0.956,0.532,0.040,0.263,0.050,0.122,0.378,0.191
0.541,1.03,0.680,0.041,0.264,0.049,0.122,0.385,0.170
0.478,0.866,0.577,0.040,0.257,0.050,0.089,0.392,0.203
0.487,0.946,0.507,0.040,0.222,0.051,0.120,0.380,0.147
0.541,1.02,0.596,0.041,0.217,0.049,0.119,0.387,0.165
0.554,0.942,0.550,0.040,0.250,0.050,0.122,0.380,0.137
0.533,1.13,0.649,0.041,0.260,0.099,0.120,1.37,0.179
0.499,1.03,0.598,0.040,0.263,0.050,0.121,0.371,0.191
0.428,0.913,0.608,0.040,0.264,0.051,0.119,0.377,0.206
0.533,0.890,0.573,0.040,0.268,0.088,0.121,0.380,0.190
0.548,1.04,0.620,0.040,0.267,0.050,0.120,0.376,0.155
0.539,0.927,0.614,0.040,0.274,0.049,0.092,0.379,0.200
0.494,0.921,0.502,0.041,0.264,0.056,0.120,0.376,0.157
0.532,0.930,0.529,0.041,0.261,0.049,0.122,0.378,0.169
0.540,0.965,0.643,0.040,0.264,0.050,0.121,0.382,0.177
0.421,0.894,0.555,0.041,0.223,0.062,0.120,0.386,0.167
0.399,1.05,0.623,0.040,0.218,0.095,0.122,0.380,0.176
0.475,1.03,0.635,0.041,0.249,0.049,0.123,0.378,0.185
0.490,0.914,0.609,0.040,0.260,0.056,0.120,0.377,0.200
0.542,0.969,0.544,0.041,0.260,0.050,0.122,0.378,0.167
0.447,1.03,1.37,0.040,0.273,0.049,0.089,0.388,0.189
0.543,1.01,0.545,0.041,0.336,0.049,0.120,0.375,0.199
0.479,0.936,0.528,0.040,0.268,0.064,0.121,0.197,0.188
0.486,1.05,0.586,0.040,0.262,0.442,0.122,0.390,0.211
0.540,0.973,0.802,0.041,0.260,0.110,0.122,1.38,0.189
0.544,0.894,0.558,0.040,0.261,0.106,0.121,0.371,0.189
0.544,1.01,0.516,0.040,0.217,0.107,0.121,0.389,0.198
0.485,1.04,0.623,0.041,0.217,0.105,0.123,0.383,0.155
0.491,0.900,0.589,0.039,0.254,0.103,0.121,0.377,0.195
0.539,1.08,0.643,0.041,0.219,0.104,0.089,0.376,0.184
0.551,1.03,0.601,0.040,0.260,0.106,0.121,0.378,0.175
0.533,0.870,0.622,0.040,0.265,0.092,0.121,0.377,0.183
0.495,0.993,0.593,0.040,0.272,0.050,0.120,0.386,0.173
0.432,0.921,0.904,0.041,0.270,0.060,0.121,0.378,0.173
0.538,0.850,0.554,0.042,0.263,0.082,0.122,0.387,0.202
0.424,0.881,0.610,0.040,0.272,0.050,0.120,0.386,0.181
0.435,0.861,0.521,0.041,0.261,0.049,0.121,0.378,0.148
0.470,1.06,0.589,0.041,0.262,0.075,0.120,0.377,0.175
0.492,0.940,0.596,0.041,0.215,0.058,0.120,0.378,0.192
0.423,1.06,0.570,0.041,0.219,0.050,0.120,0.391,0.161
0.557,0.977,0.636,0.040,0.219,0.061,0.121,0.387,0.166
0.560,0.882,0.611,0.040,0.216,0.080,0.120,0.381,0.195
0.478,0.929,0.733,0.040,0.256,0.050,0.120,1.36,0.197
0.489,1.04,0.492,0.040,0.260,0.051,0.121,0.371,0.177
0.427,1.02,0.579,0.041,0.259,0.048,0.121,0.392,0.173
0.545,0.939,0.645,0.039,0.261,0.050,0.119,0.378,0.202
0.556,0.938,0.638,0.041,0.353,0.050,0.122,0.379,0.185
0.482,1.03,0.656,0.040,0.271,0.050,0.122,0.380,0.168
0.495,0.866,0.619,0.041,0.260,0.051,0.122,0.379,0.169
0.532,1.06,0.601,0.040,0.261,0.049,0.122,0.379,0.176
0.442,1.04,0.619,0.040,0.263,0.050,0.120,0.381,0.178
0.558,0.887,0.662,0.041,0.257,0.103,0.121,0.390,0.177
0.471,0.990,0.645,0.040,0.220,0.048,0.120,0.379,0.188
0.498,1.03,0.527,0.040,0.258,0.056,0.122,0.376,0.191
0.541,1.00,0.634,0.040,0.263,0.088,0.122,0.378,0.182
0.541,0.970,0.538,0.041,0.262,0.048,0.122,0.377,0.173
0.537,1.04,0.617,0.041,0.259,0.051,0.121,0.385,0.160
0.486,0.971,0.618,0.040,0.265,0.074,0.121,0.384,0.272
0.492,0.924,0.526,0.040,0.265,0.047,0.122,0.384,0.192
0.541,0.954,0.622,0.039,0.261,0.049,0.122,0.379,0.167
0.547,1.04,0.556,0.041,0.255,0.050,0.121,1.36,0.158
0.543,0.909,0.622,0.040,0.219,0.049,0.121,0.377,0.160
0.490,0.995,0.527,0.041,0.219,0.050,0.121,0.371,0.180
0.543,1.05,0.626,0.040,0.252,0.048,0.121,0.373,0.190
0.540,0.914,0.619,0.040,0.266,0.051,0.125,0.375,0.156
0.424,0.997,0.680,0.040,0.218,0.074,0.121,0.377,0.163
0.428,0.853,0.507,0.040,0.259,0.053,0.123,0.376,0.166
0.480,0.855,0.624,0.041,0.262,0.051,0.121,0.377,0.201
0.498,0.918,0.598,0.040,0.262,0.054,0.120,0.388,0.161
0.539,0.929,0.501,0.041,0.261,0.067,0.120,0.376,0.174
0.547,1.05,0.678,0.040,0.269,0.052,0.121,0.390,0.167
0.544,0.872,0.512,0.040,0.270,0.048,0.120,0.378,0.168
0.486,0.999,0.607,0.041,0.260,0.050,0.122,0.378,0.201
0.492,1.03,0.586,0.040,0.262,0.051,0.122,0.381,0.155
0.545,0.928,0.715,0.041,0.262,0.049,0.120,0.386,0.179
0.554,0.924,0.605,0.040,0.258,0.050,0.121,0.377,0.147
0.537,0.912,0.567,0.040,0.222,0.093,0.121,0.377,0.147
0.487,0.914,0.495,0.041,0.220,0.048,0.120,0.387,0.169
0.428,0.851,0.618,0.039,0.261,0.050,0.121,1.32,0.154
0.424,0.939,0.914,0.041,0.275,0.050,0.120,0.373,0.151
0.548,1.03,0.508,0.040,0.265,0.050,0.120,0.391,0.192
0.419,0.886,0.564,0.040,0.259,0.049,0.122,0.381,0.202
0.482,1.12,0.586,0.041,0.271,0.054,0.085,0.380,0.204
0.491,0.979,0.589,0.040,0.271,0.088,0.121,0.385,0.148
0.537,0.913,0.571,0.041,0.261,0.049,0.120,0.377,0.155
0.548,0.947,0.618,0.040,0.260,0.057,0.120,0.378,0.189
0.531,1.04,0.567,0.040,0.264,0.080,0.122,0.379,0.198
0.493,0.969,0.541,0.041,0.256,0.049,0.121,0.383,0.181
0.494,0.927,0.738,0.041,0.221,0.051,0.121,0.380,0.173
0.545,0.934,0.546,0.040,0.202,0.049,0.122,0.388,0.165
0.421,1.03,0.636,0.040,0.246,0.050,0.121,0.385,0.199
0.431,0.905,0.624,0.041,0.274,0.050,0.089,0.374,0.199
0.475,1.05,0.547,0.041,0.261,0.056,0.120,0.376,0.170
0.488,1.03,0.924,0.040,0.262,0.050,0.121,0.382,0.151
0.537,0.927,0.551,0.041,0.263,0.049,0.121,0.378,0.140
0.555,1.05,0.521,0.039,0.260,0.049,0.119,0.380,0.196
0.546,1.02,0.604,0.041,0.223,0.049,0.123,1.33,0.152
0.487,1.03,0.713,0.040,0.219,0.050,0.121,0.374,0.197
0.491,0.867,0.532,0.041,0.218,0.051,0.121,0.379,0.204
0.427,1.05,0.608,0.040,0.220,0.050,0.121,0.376,0.188
0.550,1.05,0.518,0.041,0.220,0.057,0.084,0.386,0.151
0.534,0.948,0.602,0.041,0.259,0.098,0.120,0.391,0.205
0.492,0.930,0.700,0.039,0.220,0.050,0.120,0.377,0.200
0.541,1.03,0.516,0.041,0.218,0.079,0.121,0.387,0.153
0.533,0.880,0.636,0.040,0.215,0.050,0.119,0.381,0.196
0.416,1.04,0.574,0.040,0.254,0.049,0.119,0.378,0.157
0.540,1.05,0.613,0.040,0.267,0.057,0.121,0.381,0.168
0.493,0.869,0.597,0.039,0.261,0.051,0.120,0.378,0.175
0.534,0.935,0.613,0.041,0.266,0.050,0.121,0.386,0.204
0.545,0.975,0.615,0.040,0.267,0.049,0.117,0.376,0.157
0.424,0.990,0.619,0.041,0.261,0.073,0.121,0.389,0.152
0.429,0.922,1.11,0.040,0.263,0.047,0.120,0.387,0.200
0.489,0.931,0.555,0.040,0.262,0.056,0.120,0.379,0.136
0.429,1.02,0.621,0.040,0.217,0.051,0.120,0.384,0.198
0.531,0.879,0.567,0.040,0.217,0.048,0.121,1.32,0.167
0.544,1.07,0.703,0.041,0.219,0.051,0.122,0.448,0.182
0.539,1.02,0.503,0.041,0.263,0.103,0.121,0.378,0.180
0.506,0.885,0.625,0.040,0.201,0.121,0.120,0.387,0.172
0.535,1.03,0.575,0.041,0.199,0.061,0.087,0.379,0.168
0.536,0.973,0.597,0.041,0.200,0.097,0.121,0.379,0.198
0.430,1.03,0.622,0.040,0.200,0.066,0.121,0.380,0.179
0.426,0.885,0.599,0.041,0.198,0.050,0.122,0.389,0.178
0.473,1.08,0.617,0.040,0.200,0.050,0.121,0.383,0.160
0.496,0.972,0.576,0.040,0.214,0.050,0.121,0.378,0.189
0.540,0.922,0.572,0.041,0.279,0.051,0.121,0.382,0.149
0.545,0.913,0.596,0.040,0.194,0.065,0.119,0.388,0.172
0.542,1.04,0.598,0.040,0.184,0.085,0.122,0.381,0.157
0.500,0.870,0.631,0.040,0.197,0.048,0.118,0.382,0.188
0.487,1.05,0.588,0.040,0.197,0.050,0.122,0.384,0.191
0.429,1.02,0.626,0.041,0.190,0.049,0.122,0.388,0.191
0.547,0.947,0.606,0.040,0.187,0.052,0.124,0.388,0.171
0.434,0.916,0.655,0.040,0.185,0.049,0.121,0.382,0.178
0.475,0.911,0.523,0.040,0.185,0.057,0.122,1.31,0.152
0.493,0.908,0.664,0.040,0.184,0.105,0.122,0.374,0.154
0.536,0.854,0.760,0.041,0.204,0.108,0.121,0.376,0.180
0.546,0.950,0.509,0.040,0.198,0.104,0.121,0.395,0.196
0.409,1.02,0.617,0.041,0.184,0.113,0.089,0.382,0.197
0.480,0.885,0.585,0.040,0.185,0.095,0.121,0.378,0.149
0.497,1.05,0.582,0.040,0.183,0.048,1.28,0.378,0.195
0.535,1.04,0.609,0.040,0.197,0.051,0.119,0.380,0.189
0.434,0.887,0.535,0.040,0.223,0.049,0.121,0.388,0.169
0.555,0.915,0.503,0.041,0.201,0.048,0.122,0.385,0.191
0.475,1.05,0.599,0.040,0.186,0.060,0.120,0.388,0.205
0.492,1.04,0.589,0.040,0.182,0.045,0.123,0.380,0.170
0.540,0.865,0.605,0.040,0.196,0.052,0.122,0.380,0.147
0.442,0.952,0.632,0.040,0.195,0.050,0.119,0.386,0.160
0.501,1.02,0.560,0.041,0.199,0.049,0.121,0.380,0.184
0.476,0.903,0.563,0.040,0.200,0.049,0.121,0.379,0.196
0.496,1.05,1.39,0.040,0.187,0.050,0.121,0.378,0.167
0.535,1.04,0.539,0.040,0.196,0.049,0.088,0.384,0.185
0.557,0.926,0.621,0.040,0.197,0.058,0.122,1.32,0.182
0.451,1.04,0.614,0.041,0.190,0.048,0.121,0.374,0.153
0.487,0.968,1.50,0.040,0.186,0.063,0.121,0.375,0.172
0.483,1.03,0.579,0.041,0.197,0.081,0.121,0.384,0.149
0.424,0.946,0.537,0.040,0.185,0.049,0.121,0.382,0.154
0.560,1.06,0.558,0.039,0.185,0.049,0.121,0.380,0.170
0.431,0.963,0.568,0.041,0.195,0.051,1.28,0.377,0.169
0.475,0.940,0.566,0.041,0.197,0.057,0.121,0.388,0.160
0.502,0.934,0.519,0.041,0.196,0.050,0.120,0.381,0.202
0.542,1.04,0.536,0.040,0.196,0.046,0.120,0.377,0.177
0.553,0.912,0.585,0.040,0.360,0.051,0.121,0.380,0.187
0.560,1.06,0.544,0.040,0.256,0.049,0.121,0.381,0.169
0.480,0.965,0.609,0.040,0.188,0.051,0.121,0.385,0.177
0.489,0.917,0.621,0.040,0.175,0.106,0.088,0.378,0.159
0.532,0.967,0.629,0.040,0.186,0.050,0.122,0.389,0.178
0.553,0.924,0.567,0.041,0.183,0.105,0.122,0.383,0.170
0.435,0.850,0.545,0.041,0.184,0.417,0.121,0.381,0.203
0.476,0.862,0.524,0.040,0.175,0.097,0.121,0.386,0.151
0.494,0.936,0.516,0.040,0.183,0.048,0.121,1.29,0.196
0.534,0.914,0.583,0.040,0.174,0.061,0.121,0.373,0.191
0.545,1.02,0.574,0.041,0.196,0.094,0.120,0.379,0.199
0.542,1.07,0.542,0.040,0.194,0.106,0.121,0.380,0.193
0.485,1.15,0.524,0.040,0.183,0.105,0.089,0.381,0.173
0.498,0.905,0.512,0.041,0.175,0.106,0.121,0.389,0.183
0.536,0.897,0.990,0.040,0.181,0.093,1.28,0.376,0.207
0.545,1.06,0.547,0.040,0.181,0.050,0.120,0.378,0.160
0.420,1.03,0.611,0.040,0.184,0.058,0.121,0.385,0.201
0.484,0.971,0.609,0.040,0.196,0.098,0.120,0.389,0.206
0.485,1.05,0.607,0.040,0.204,0.105,0.121,0.383,0.152
0.541,0.993,0.554,0.040,0.185,0.106,0.121,0.387,0.153
0.554,0.948,0.591,0.041,0.174,0.106,0.120,0.387,0.191
0.540,0.953,0.529,0.040,0.185,0.087,0.089,0.379,0.183
0.493,1.04,0.511,0.042,0.173,0.050,0.121,0.379,0.157
0.537,0.904,0.691,0.041,0.188,0.049,0.121,0.388,0.193
0.537,1.07,0.523,0.041,0.183,0.050,0.121,0.379,0.155
0.542,1.06,0.536,0.040,0.174,0.050,0.123,0.383,0.179
0.542,0.894,0.526,0.039,0.186,0.059,0.120,1.28,0.207
0.502,1.14,0.531,0.040,0.174,0.100,0.119,0.379,0.190
0.535,1.05,0.545,0.040,0.183,0.048,0.121,0.393,0.161
0.535,0.930,0.564,0.041,0.183,0.051,0.122,0.387,0.195
0.509,0.972,0.524,0.041,0.193,0.048,0.090,0.384,0.194
0.484,1.05,0.615,0.040,0.186,0.050,0.121,0.381,0.179
0.479,0.881,0.587,0.040,0.173,0.050,1.27,0.379,0.159
0.419,0.930,0.628,0.039,0.183,0.049,0.120,0.384,0.167
0.413,0.940,0.522,0.041,0.175,0.057,0.121,0.382,0.169
0.415,1.05,0.525,0.040,0.181,0.085,0.120,0.379,0.199
0.404,0.895,0.520,0.039,0.174,0.049,0.121,0.386,0.155
0.485,1.08,0.974,0.040,0.187,0.051,0.121,0.382,0.148
0.476,1.03,0.560,0.040,0.181,0.049,0.122,0.379,0.189
0.420,0.883,0.579,0.040,0.177,0.050,0.088,0.390,0.169
0.417,1.12,0.511,0.040,0.186,0.106,0.122,0.379,0.180
0.419,1.03,0.541,0.040,0.184,0.075,0.120,0.378,0.165
0.417,0.871,0.576,0.040,0.188,0.050,0.121,0.387,0.187
0.403,0.934,0.565,0.040,0.177,0.051,0.120,0.380,0.200
0.437,1.04,0.529,0.041,0.176,0.049,0.122,1.27,0.154
0.493,1.03,0.556,0.040,0.175,0.048,0.120,0.374,0.214
0.492,0.925,1.06,0.040,0.176,0.068,0.121,0.377,0.156
0.450,0.938,0.550,0.040,0.177,0.057,0.122,0.386,0.176
0.459,1.02,0.515,0.039,0.178,0.053,0.094,0.382,0.155
0.449,0.884,0.546,0.041,0.174,0.052,0.123,0.381,0.159
0.404,1.08,0.599,0.040,0.176,0.053,1.27,0.376,0.149
0.513,1.04,0.589,0.041,0.173,0.064,0.121,0.378,0.203
0.386,0.885,0.558,0.040,0.168,0.048,0.122,0.380,0.178
0.391,1.06,0.521,0.039,0.176,0.051,0.121,0.379,0.202
0.466,1.02,0.518,0.041,0.175,0.049,0.124,0.382,0.187
0.493,0.933,0.588,0.039,0.175,0.050,0.121,0.379,0.177
0.414,0.904,0.523,0.041,0.174,0.050,0.121,0.377,0.154
0.534,1.63,0.523,0.040,0.179,0.050,0.119,0.376,0.154
0.512,1.02,0.615,0.039,0.289,0.049,0.121,0.377,0.169
0.475,1.08,0.597,0.041,0.176,0.049,0.121,0.380,0.158
0.495,0.979,0.624,0.040,0.164,0.051,0.123,0.379,0.153
0.542,1.03,0.579,0.041,0.177,0.049,0.124,0.380,0.168
0.537,0.876,0.536,0.040,0.174,0.049,0.121,1.28,0.168
0.554,1.05,0.516,0.039,0.177,0.049,0.121,0.379,0.191
0.477,1.03,0.708,0.040,0.176,0.050,0.121,0.372,0.201
0.507,0.885,0.540,0.040,0.178,0.053,0.123,0.371,0.166
0.538,0.929,0.520,0.040,0.174,0.089,0.119,0.379,0.169
0.530,1.03,0.542,0.040,0.177,0.050,0.122,0.387,0.181
0.542,0.899,0.528,0.040,0.173,0.049,1.26,0.380,0.205
0.500,1.05,0.543,0.040,0.174,0.051,0.121,0.380,0.201
0.495,1.03,0.526,0.040,0.176,0.050,0.122,0.379,0.161
0.426,0.883,0.524,0.040,0.174,0.049,0.121,0.375,0.147
0.538,1.00,0.605,0.043,0.172,0.094,0.121,0.381,0.200
0.432,1.04,0.664,0.041,0.174,0.050,0.122,0.377,0.202
0.474,1.00,0.538,0.040,0.187,0.049,0.122,0.386,0.165
0.504,0.970,0.582,0.041,0.175,0.052,0.093,0.378,0.167
0.430,1.04,0.537,0.040,0.176,0.047,0.122,0.379,0.173
0.530,0.971,0.626,0.040,0.182,0.058,0.121,0.375,0.160
0.591,0.925,0.610,0.041,0.179,0.050,0.122,0.377,0.184
0.485,0.962,0.547,0.040,0.175,0.049,0.121,0.389,0.147
0.505,1.03,0.587,0.041,0.173,0.050,0.121,1.28,0.172
0.436,0.904,0.589,0.040,0.174,0.050,0.122,0.392,0.191
0.426,1.05,0.606,0.041,0.176,0.052,0.121,0.375,0.186
0.556,1.04,0.633,0.040,0.177,0.051,0.122,0.381,0.177
0.472,0.881,0.689,0.040,0.177,0.050,0.089,0.381,0.168
0.509,0.979,0.628,0.040,0.176,0.057,0.122,0.377,0.183
0.536,1.03,0.648,0.039,0.175,0.052,1.29,0.378,0.207
0.535,1.01,0.656,0.041,0.178,0.105,0.121,0.387,0.211
0.530,0.946,0.512,0.040,0.177,0.091,0.124,0.385,0.143
0.482,1.05,0.579,0.040,0.175,0.049,0.122,0.375,0.165
0.512,1.04,0.640,0.040,0.173,0.057,0.122,0.389,0.191
0.536,0.941,0.623,0.040,0.183,0.106,0.121,0.378,0.152
0.532,0.941,0.578,0.040,0.165,0.097,0.122,0.379,0.184
0.547,1.02,0.649,0.040,0.168,0.105,0.089,0.375,0.198
0.493,0.880,0.500,0.041,0.163,0.046,0.121,0.375,0.168
0.506,1.08,0.579,0.040,0.167,0.111,0.121,0.379,0.145
0.541,1.02,0.676,0.040,0.166,0.105,0.122,0.377,0.163
0.541,0.887,1.59,0.040,0.168,0.069,0.122,0.380,0.184
0.538,0.884,0.553,0.040,0.305,0.051,0.121,1.25,0.155
0.484,1.05,0.596,0.041,0.222,0.049,0.121,0.384,0.158
0.549,1.02,0.554,0.039,0.169,0.133,0.122,0.386,0.156
0.534,0.945,0.589,0.039,0.168,0.050,0.122,0.374,0.191
0.494,0.923,0.585,0.041,0.170,0.050,0.089,0.379,0.149
0.455,1.03,0.598,0.039,0.170,0.052,0.121,0.376,0.163
0.485,0.864,1.03,0.041,0.169,0.049,1.29,0.379,0.191
0.422,0.903,0.569,0.041,0.167,0.049,0.121,0.378,0.175
0.409,1.04,0.600,0.041,0.168,0.049,0.121,0.378,0.162
0.410,0.901,0.623,0.040,0.165,0.099,0.121,0.379,0.175
0.476,1.05,0.548,0.039,0.164,0.052,0.122,0.377,0.175
0.468,1.04,0.596,0.040,0.174,0.050,0.121,0.388,0.162
0.491,0.935,0.529,0.040,0.167,0.051,0.121,0.376,0.194
0.414,0.936,0.593,0.041,0.166,0.049,0.089,0.379,0.164
0.409,1.04,0.567,0.040,0.166,0.050,0.122,0.378,0.192
0.409,0.970,0.605,0.041,0.165,0.049,0.122,0.378,0.173
0.415,0.931,0.590,0.041,0.165,0.051,0.120,0.378,0.184
0.483,0.948,0.653,0.041,0.170,0.056,0.121,0.381,0.202
0.489,1.03,0.652,0.041,0.166,0.050,0.121,1.26,0.173
0.542,0.898,0.653,0.041,0.172,0.050,0.121,0.372,0.179
0.546,1.05,0.588,0.040,0.164,0.051,0.121,0.377,0.152
0.557,1.03,0.545,0.041,0.166,0.050,0.121,0.381,0.186
0.489,0.874,0.538,0.041,0.167,0.048,0.089,0.380,0.178
0.488,1.01,0.601,0.040,0.165,0.051,0.121,0.374,0.147
0.533,1.03,0.506,0.040,0.168,0.050,1.24,0.379,0.199
0.427,1.04,0.651,0.041,0.168,0.056,0.122,0.383,0.166
0.510,0.944,0.592,0.040,0.166,0.050,0.121,0.379,0.198
0.497,1.05,0.579,0.039,0.166,0.078,0.121,0.375,0.160
0.492,0.967,0.840,0.041,0.163,0.051,0.121,0.380,0.178
0.534,0.931,0.519,0.040,0.166,0.049,0.123,0.381,0.159
0.542,0.936,0.531,0.041,0.164,0.049,0.122,0.386,0.163
0.543,1.02,0.596,0.040,0.163,0.048,0.089,0.364,0.149
0.493,0.912,0.575,0.040,0.165,0.057,0.123,0.383,0.177
0.495,1.14,0.611,0.041,0.168,0.048,0.122,0.380,0.174
0.540,1.05,0.580,0.040,0.164,0.050,0.121,0.380,0.196
0.535,0.885,0.598,0.041,0.165,0.051,0.121,0.384,0.165
0.541,1.05,0.606,0.040,0.163,0.049,0.120,1.25,0.156
0.510,1.04,0.640,0.041,0.166,0.054,0.122,0.387,0.153
0.487,0.910,0.484,0.040,0.156,0.092,0.121,0.372,0.160
0.535,0.937,0.637,0.056,0.171,0.049,0.122,0.392,0.153
0.547,1.04,0.606,0.042,0.170,0.060,0.089,0.384,0.157
0.488,1.04,0.663,0.040,0.305,0.084,0.123,0.380,0.125
0.501,0.943,0.550,0.040,0.167,0.049,1.24,0.381,0.209
0.420,0.937,0.604,0.041,0.166,0.050,0.119,0.379,0.147
0.538,0.967,0.601,0.040,0.164,0.115,0.121,0.378,0.163
0.540,0.911,0.599,0.039,0.164,0.047,0.122,0.379,0.150
0.413,1.12,1.26,0.041,0.164,0.058,0.121,0.377,0.208
0.497,1.03,0.607,0.040,0.167,0.082,0.123,0.376,0.204
0.478,0.878,0.690,0.041,0.168,0.049,0.123,0.379,0.185
0.543,1.05,0.670,0.041,0.169,0.051,0.113,0.388,0.145
0.538,1.03,0.585,0.040,0.165,0.051,0.121,0.375,0.154
0.543,0.877,0.535,0.040,0.165,0.081,0.122,0.379,0.198
0.489,0.927,0.601,0.040,0.166,0.053,0.120,0.380,0.184
0.406,0.867,0.596,0.041,0.168,0.085,0.121,0.389,0.185
0.418,1.03,0.995,0.042,0.165,0.060,0.121,1.25,0.156
0.415,2.07,0.548,0.041,0.164,0.050,0.121,0.388,0.173
0.476,0.984,0.562,0.040,0.167,0.050,0.121,0.386,0.191
0.438,0.853,0.560,0.041,0.165,0.050,0.121,0.376,0.190
0.480,0.864,0.637,0.040,0.165,0.057,0.118,0.381,0.171
0.411,0.988,0.596,0.040,0.168,0.051,0.122,0.391,0.191
0.522,0.918,0.565,0.040,0.167,0.049,1.21,0.379,0.191
0.409,0.890,0.574,0.041,0.188,0.050,0.120,0.379,0.178
0.423,0.924,0.588,0.041,0.171,0.052,0.121,0.382,0.202
0.473,0.983,0.732,0.042,0.168,0.049,0.122,0.379,0.157
0.469,0.834,0.546,0.041,0.168,0.050,0.120,0.390,0.169
0.417,1.07,0.574,0.040,0.164,0.049,0.121,0.388,0.191
0.411,0.971,0.562,0.041,0.165,0.057,0.120,0.389,0.176
0.529,0.892,0.720,0.039,0.727,0.051,0.116,0.377,0.194
0.427,0.871,0.554,0.041,0.205,0.051,0.120,0.379,0.187
0.480,0.879,0.566,0.040,0.170,0.050,0.121,0.386,0.158
0.488,0.970,0.565,0.041,0.168,0.050,0.121,0.379,0.185
0.537,0.841,0.549,0.040,0.168,0.049,0.122,0.380,0.167
0.555,1.07,0.560,0.041,0.166,0.049,0.121,1.22,0.138
0.538,0.974,0.581,0.040,0.168,0.056,0.120,0.394,0.185
0.478,0.822,0.531,0.041,0.166,0.055,0.120,0.371,0.168
0.498,0.874,0.524,0.040,0.167,0.054,0.121,0.371,0.173
0.547,1.00,0.865,0.040,0.167,0.088,0.090,0.382,0.172
0.546,0.982,0.571,0.041,0.169,0.050,0.120,0.375,0.157
0.532,0.879,0.533,0.040,0.168,0.049,1.23,0.380,0.179
0.493,0.920,0.557,0.039,0.299,0.050,0.120,0.389,0.157
0.535,0.997,0.569,0.041,0.172,0.059,0.121,0.386,0.191
0.542,0.821,0.564,0.040,0.168,0.050,0.120,0.387,0.175
0.424,0.886,0.537,0.041,0.168,0.049,0.122,0.381,0.178
0.433,0.980,0.529,0.040,0.170,0.079,0.121,0.376,0.149
0.473,0.987,0.526,0.040,0.168,0.049,0.120,0.380,0.194
0.484,0.905,0.610,0.041,0.165,0.050,0.090,0.382,0.658
0.433,0.909,0.550,0.041,0.168,0.050,0.122,0.382,0.184
0.930,0.979,0.530,0.041,0.169,0.057,0.122,0.390,0.165
0.405,0.891,0.547,0.040,0.166,0.051,0.121,0.385,0.201
0.496,1.03,0.515,0.041,0.165,0.049,0.121,0.382,0.183
0.497,0.964,0.535,0.041,0.166,0.079,0.122,1.23,0.177
0.421,0.906,0.593,0.040,0.169,0.052,0.120,0.374,0.186
0.548,0.875,0.576,0.041,0.168,0.050,0.120,0.380,0.136
0.539,1.01,0.556,0.040,0.169,0.049,0.121,0.389,0.186
0.492,0.964,0.601,0.041,0.166,0.057,0.090,0.382,0.149
0.432,0.882,0.639,0.040,0.165,0.049,0.120,0.380,0.187
0.414,0.911,0.589,0.039,0.166,0.061,1.21,0.382,0.159
0.422,0.988,0.638,0.040,0.168,0.080,0.121,0.379,0.163
0.406,0.818,0.507,0.040,0.164,0.048,0.122,0.381,0.168
0.470,0.892,0.785,0.041,0.164,0.050,0.121,0.386,0.193
0.478,0.971,0.557,0.040,0.161,0.050,0.121,0.382,0.187
0.407,0.917,0.551,0.041,0.169,0.055,0.122,0.381,0.148
0.411,0.909,0.507,0.040,0.169,0.051,0.120,0.381,0.167
0.413,0.835,0.541,0.041,0.168,0.052,0.089,0.380,0.176
0.426,0.985,0.568,0.040,0.170,0.049,0.120,0.381,0.184
0.345,0.902,0.563,0.043,0.170,0.539,0.121,0.381,0.200
0.473,0.996,0.531,0.040,0.166,0.102,0.119,0.390,0.161
0.491,0.991,0.559,0.041,0.165,0.089,0.120,0.391,0.158
0.488,0.819,0.822,0.040,0.166,0.050,0.122,1.21,0.188
0.444,0.886,0.513,0.040,0.164,0.049,0.121,0.373,0.197
0.454,0.863,0.529,0.041,0.169,0.050,0.122,0.379,0.180
0.461,0.971,0.549,0.040,0.169,0.049,0.122,0.374,0.192
0.516,0.844,0.678,0.040,0.169,0.050,0.092,0.381,0.163
0.517,0.947,0.567,0.040,0.169,0.050,0.123,0.381,0.209
0.460,0.989,0.521,0.040,0.170,0.049,1.20,0.386,0.176
0.398,0.889,0.571,0.041,0.169,0.050,0.120,0.382,0.177
0.472,0.888,0.506,0.040,0.170,0.060,0.121,0.382,0.189
0.406,0.834,0.584,0.040,0.172,0.097,0.120,0.379,0.176
0.534,0.984,0.539,0.041,0.169,0.051,0.120,0.380,0.152
0.531,0.843,0.575,0.042,0.179,0.079,0.121,0.380,0.165
0.538,1.02,0.511,0.040,0.166,0.105,0.124,0.378,0.179
0.483,0.926,0.563,0.039,0.159,0.048,0.099,0.377,0.145
0.547,0.880,0.565,0.041,0.169,0.050,0.121,0.385,0.179
0.535,0.866,0.521,0.040,0.170,0.050,0.120,0.383,0.178
0.542,0.870,0.521,0.041,0.168,0.049,0.121,0.378,0.199
0.540,0.970,0.511,0.040,0.169,0.050,0.121,0.387,0.199
0.492,0.882,0.586,0.040,0.169,0.050,0.123,1.20,0.149
0.548,1.02,0.594,0.041,0.171,0.049,0.121,0.372,0.176
0.541,0.969,0.609,0.040,0.171,0.051,0.122,0.385,0.203
0.411,0.847,0.615,0.041,0.169,0.049,0.121,0.396,0.163
0.406,0.875,0.507,0.040,0.168,0.048,0.090,0.383,0.214
0.476,0.992,0.723,0.040,0.169,0.049,0.122,0.381,0.185
0.553,0.930,0.525,0.041,0.168,0.050,1.19,0.378,0.202
0.534,0.889,0.533,0.040,0.167,0.048,0.121,0.382,0.187
0.535,0.894,0.565,0.041,0.168,0.092,0.121,0.380,0.209
0.537,0.973,0.513,0.040,0.164,0.050,0.120,0.379,0.192
0.496,0.878,0.570,0.040,0.171,0.058,0.121,0.382,0.166
0.543,0.983,0.519,0.041,0.167,0.083,0.120,0.386,0.172
0.542,0.967,0.535,0.040,0.164,0.048,0.123,0.379,0.167
0.412,0.936,0.562,0.041,0.171,0.050,0.121,0.379,0.159
0.433,0.820,0.914,0.041,0.168,0.049,0.122,0.380,0.164
0.468,0.886,0.569,0.041,0.168,0.051,0.121,0.380,0.154
0.506,0.980,0.528,0.040,0.159,0.105,0.120,0.386,0.173
0.424,0.882,0.623,0.040,0.168,0.076,0.120,0.382,0.183
0.535,0.996,0.535,0.040,0.169,0.049,0.121,1.20,0.149
0.450,0.984,0.613,0.040,0.166,0.049,0.120,0.373,0.207
0.486,0.884,0.573,0.041,0.167,0.049,0.121,0.379,0.169
0.509,0.883,0.542,0.040,0.165,0.050,0.122,0.375,0.196
0.533,0.874,0.549,0.040,0.165,0.074,0.090,0.379,0.154
0.541,0.988,0.576,0.040,0.166,0.055,0.091,0.380,0.157
0.550,0.895,0.568,0.041,0.167,0.051,1.18,0.381,0.187
0.477,1.00,0.603,0.041,0.166,0.052,0.119,0.378,0.184
0.510,0.988,0.614,0.040,0.166,0.063,0.121,0.378,0.148
0.544,0.842,0.600,0.041,0.168,0.056,0.120,0.386,0.156
0.532,0.864,0.668,0.041,0.165,0.049,0.121,0.388,0.164
0.542,0.990,0.558,0.040,0.168,0.050,0.120,0.383,0.185
0.492,0.965,0.536,0.041,0.167,0.049,0.123,0.387,0.192
0.506,0.837,0.532,0.040,0.164,0.050,0.122,0.378,0.150
0.535,0.891,0.521,0.041,0.168,0.050,0.121,0.385,0.168
0.534,0.979,0.571,0.040,0.165,0.050,0.126,0.386,0.159
0.541,0.883,0.524,0.040,0.165,0.094,0.122,0.380,0.192
0.486,0.975,0.547,0.041,0.170,0.049,0.120,0.390,0.192
0.546,0.985,0.512,0.040,0.170,0.049,0.121,1.19,0.203
0.545,0.971,0.983,0.041,0.300,0.051,0.122,0.373,0.171
0.491,0.878,0.516,0.040,0.236,0.050,0.123,0.380,0.161
0.438,0.889,0.614,0.040,0.176,0.048,0.120,0.373,0.177
0.485,0.964,0.601,0.040,0.169,0.053,0.090,0.377,0.171
0.434,0.846,0.607,0.040,0.167,0.089,0.120,0.378,0.195
0.415,1.05,0.559,0.054,0.170,0.049,1.14,0.387,0.172
0.407,0.962,0.565,0.042,0.169,0.049,0.120,0.380,0.182
0.485,0.899,0.514,0.040,0.170,0.080,0.121,0.381,0.190
0.471,0.871,0.574,0.042,0.169,0.049,0.121,0.377,0.152
0.483,0.952,0.568,0.041,0.169,0.049,0.121,0.385,0.172
0.418,0.993,0.530,0.041,0.169,0.048,0.121,0.383,0.195
0.412,0.907,0.626,0.040,0.166,0.049,0.123,0.386,0.184
0.404,1.02,0.604,0.039,0.171,0.049,0.120,0.381,0.161
0.411,0.968,0.563,0.040,0.167,0.050,0.121,0.380,0.156
0.491,0.842,1.06,0.040,0.166,0.050,0.122,0.406,0.183
0.475,1.02,0.543,0.040,0.169,0.050,0.123,0.381,0.166
0.413,0.999,0.577,0.040,0.169,0.049,0.123,0.387,0.207
0.411,0.901,0.509,0.039,0.169,0.049,0.122,1.19,0.158
0.411,0.868,0.684,0.041,0.168,0.050,0.121,0.380,0.208
0.441,0.881,0.513,0.041,0.179,0.049,0.123,0.383,0.191
0.403,0.973,0.590,0.040,0.170,0.050,0.123,0.375,0.195
0.539,0.878,0.561,0.041,0.170,0.082,0.095,0.381,0.192
0.536,1.00,0.557,0.041,0.169,0.047,0.121,0.381,0.171
0.529,0.968,0.559,0.040,0.169,0.051,1.17,0.376,0.200
0.565,0.837,0.581,0.040,0.169,0.049,0.119,0.379,0.189
0.488,0.814,0.564,0.040,0.166,0.049,0.121,0.381,0.179
0.488,0.890,0.514,0.041,0.168,0.050,0.120,0.377,0.206
0.541,0.966,0.611,0.040,0.165,0.049,0.121,0.383,0.161
1.58,0.884,0.619,0.041,0.165,0.049,0.120,0.389,0.208
0.495,1.03,0.614,0.041,0.169,0.049,0.123,0.380,0.156
0.492,0.973,0.622,0.040,0.172,0.051,0.121,0.379,0.202
0.543,0.833,0.617,0.040,0.170,0.049,0.120,0.377,0.210
0.505,0.889,0.590,0.041,0.177,0.101,0.121,0.380,0.165
0.432,1.01,0.518,0.040,0.168,0.049,0.121,0.380,0.182
0.491,0.931,0.534,0.041,0.167,0.048,0.120,0.385,0.169
0.411,0.880,0.510,0.040,0.164,0.051,0.120,1.18,0.158
0.527,0.891,0.584,0.041,0.166,0.049,0.121,0.370,0.176
0.409,0.982,0.515,0.040,0.166,0.050,0.119,0.373,0.166
0.480,0.894,0.525,0.039,0.164,0.050,0.120,0.379,0.149
0.489,1.01,0.538,0.041,0.165,0.052,0.120,0.395,0.156
0.471,0.917,0.511,0.040,0.172,0.644,0.120,0.379,0.177
0.418,0.818,0.635,0.041,0.173,0.103,1.16,0.383,0.192
0.410,0.874,0.591,0.041,0.168,0.105,0.119,0.379,0.185
0.521,0.883,0.561,0.040,0.169,0.105,0.122,0.381,1
